{
 "ours_1": {
  "SSIM": {
   "00005.png": 0.3358159363269806,
   "00003.png": 0.6119735836982727,
   "00014.png": 0.33399659395217896,
   "00004.png": 0.4091201424598694,
   "00007.png": 0.3354334831237793,
   "00013.png": 0.33345696330070496,
   "00010.png": 0.6180777549743652,
   "00008.png": 0.33567821979522705,
   "00001.png": 0.6677647829055786,
   "00011.png": 0.4460543990135193,
   "00006.png": 0.33527082204818726,
   "00016.png": 0.6106778383255005,
   "00009.png": 0.3875172436237335,
   "00012.png": 0.33343425393104553,
   "00002.png": 0.9342514872550964,
   "00000.png": 0.6682896018028259,
   "00015.png": 0.6674462556838989
  },
  "PSNR": {
   "00005.png": 16.808626174926758,
   "00003.png": 19.362302780151367,
   "00014.png": 8.5525541305542,
   "00004.png": 24.03219223022461,
   "00007.png": 9.837240219116211,
   "00013.png": 3.6264400482177734,
   "00010.png": 24.181636810302734,
   "00008.png": 12.615625381469727,
   "00001.png": 19.280975341796875,
   "00011.png": 19.10870933532715,
   "00006.png": 12.556940078735352,
   "00016.png": 12.790027618408203,
   "00009.png": 23.12118148803711,
   "00012.png": 3.3399665355682373,
   "00002.png": 34.63068389892578,
   "00000.png": 19.705476760864258,
   "00015.png": 15.915058135986328
  },
  "LPIPS": {
   "00005.png": 0.3992028534412384,
   "00003.png": 0.2972559332847595,
   "00014.png": 0.7574871778488159,
   "00004.png": 0.170157790184021,
   "00007.png": 0.6858740448951721,
   "00013.png": 0.7694355249404907,
   "00010.png": 0.2510252594947815,
   "00008.png": 0.6599445343017578,
   "00001.png": 0.4689173698425293,
   "00011.png": 0.3181697130203247,
   "00006.png": 0.6447251439094543,
   "00016.png": 0.4734092056751251,
   "00009.png": 0.1588236689567566,
   "00012.png": 0.7734396457672119,
   "00002.png": 0.05862195044755936,
   "00000.png": 0.4024399518966675,
   "00015.png": 0.5412970781326294
  }
 }
}