{
 "ours_1": {
  "SSIM": {
   "00005.png": 0.33591631054878235,
   "00003.png": 0.5115262269973755,
   "00014.png": 0.33444100618362427,
   "00004.png": 0.5064239501953125,
   "00007.png": 0.33832883834838867,
   "00013.png": 0.33345773816108704,
   "00010.png": 0.6228682398796082,
   "00008.png": 0.34819409251213074,
   "00001.png": 0.667546808719635,
   "00011.png": 0.43336978554725647,
   "00006.png": 0.33502641320228577,
   "00016.png": 0.5911269187927246,
   "00009.png": 0.3807212710380554,
   "00012.png": 0.3334260582923889,
   "00002.png": 0.8655889630317688,
   "00000.png": 0.6579627394676208,
   "00015.png": 0.6514761447906494
  },
  "PSNR": {
   "00005.png": 16.163185119628906,
   "00003.png": 17.81273651123047,
   "00014.png": 10.28510856628418,
   "00004.png": 21.554872512817383,
   "00007.png": 10.680858612060547,
   "00013.png": 3.9340977668762207,
   "00010.png": 23.531885147094727,
   "00008.png": 12.615814208984375,
   "00001.png": 18.4052734375,
   "00011.png": 17.565420150756836,
   "00006.png": 13.381668090820312,
   "00016.png": 13.557063102722168,
   "00009.png": 24.270801544189453,
   "00012.png": 3.0436882972717285,
   "00002.png": 32.412879943847656,
   "00000.png": 17.687885284423828,
   "00015.png": 14.680286407470703
  },
  "LPIPS": {
   "00005.png": 0.3924402892589569,
   "00003.png": 0.3392523527145386,
   "00014.png": 0.6602915525436401,
   "00004.png": 0.23155835270881653,
   "00007.png": 0.6671595573425293,
   "00013.png": 0.7467969059944153,
   "00010.png": 0.25138118863105774,
   "00008.png": 0.6637967228889465,
   "00001.png": 0.505509614944458,
   "00011.png": 0.3551163673400879,
   "00006.png": 0.5557369589805603,
   "00016.png": 0.4781164824962616,
   "00009.png": 0.14793504774570465,
   "00012.png": 0.7745379209518433,
   "00002.png": 0.06390685588121414,
   "00000.png": 0.46883058547973633,
   "00015.png": 0.5706475973129272
  }
 }
}