{
 "ours_1": {
  "SSIM": 0.4920152723789215,
  "PSNR": 16.43915367126465,
  "LPIPS": 0.4606015980243683
 }
}