{
 "ours_1": {
  "SSIM": 0.48514124751091003,
  "PSNR": 15.975502014160156,
  "LPIPS": 0.4631184935569763
 }
}